 NicklasWallgren/message-board@master,UNKNOWN_BUILD_TOOL,UNKNOWN_BUILD_ERROR
NoCodeNoWife/LLRiseTabBar-Android@master,gradle,Gradle version not supported
NicoToast/fat-aar@master,gradle,Gradle version not supported
NikoYuwono/ToolbarPanel@master,gradle,Gradle version not supported
NightWhistler/PageTurner@master,gradle,Gradle version not supported
NoSequel/queue-recode@main,maven,Could not transfer artifact (401 Unauthorized)
NiaNingXue/SearchAnimation@master,gradle,Gradle version not supported
Noor-M/gitClassTest@master,gradle,Gradle version not supported
NishanthShankar/react-native-android-statusbar@master,gradle,Gradle version not supported
 NightlyNexus/ViewStatePagerAdapter@master,UNKNOWN_BUILD_TOOL,UNKNOWN_BUILD_ERROR
Nilzor/mvp-to-mvvm-transition@master,gradle,Gradle version not supported
Nodeclipse/nodeclipse@master,maven,POM file processing error (Failed to download POM)
NitorCreations/Puggly@master,gradle,Gradle version not supported
NoahRJohnson/AutoRover@master,gradle,Gradle version not supported
NitorCreations/dope-maven-plugin@master,maven,Maven compilation error (Compilation failure)
Nipuream/NRecyclerView@master,gradle,Gradle version not supported
NitorCreations/wicket-test-utils@master,maven,Maven compilation error (Compilation failure)
Nightonke/CoCoin@master,gradle,Gradle version not supported
NitorCreations/wicket-utils@master,maven,Maven compilation error (Compilation failure)
NitorCreations/wicket-metrics@master,maven,Maven compilation error (Compilation failure)
NguyenXuanHuong/Hibernate-repo@master,maven,Could not find a version of Java that met the requirements of the repository
NitorCreations/yaml-utils@master,maven,Maven compilation error (Compilation failure)
NigelYao/WechatOriginalFile@master,gradle,Gradle version not supported
Nicolai2100/javalin_backend@master,maven,Could not find a version of Java that met the requirements of the repository
Norconex/collector-filesystem@master,maven,Could not transfer artifact (401 Unauthorized)
NixLabAdmin/Opencell@master,maven,Could not transfer artifact (401 Unauthorized)
 NgyAnthony/supinfo-2jee@master,UNKNOWN_BUILD_TOOL,UNKNOWN_BUILD_ERROR
NightscoutFoundation/xDrip@master,gradle,Gradle wrapper JAR missing
NikitaKozlov/Pury@master,gradle,Gradle version not supported
NitorCreations/wicket-matchers@master,maven,Maven compilation error (Compilation failure)
 Noisyfox/NoExclamation@master,UNKNOWN_BUILD_TOOL,UNKNOWN_BUILD_ERROR
NitorCreations/sonar-build-warner-plugin@master,maven,Maven compilation error (Compilation failure)
Noor-M/Inventory@master,gradle,Gradle version not supported
NightWhistler/HtmlSpanner@master,maven,Could not transfer artifact (401 Unauthorized)
NomenSvyat/SwitchBoxPlugin@master,gradle,Gradle wrapper JAR missing
NimbleDroid/FriendlyDemo@master,gradle,Gradle version not supported
NikitaGordia/Cosin@master,gradle,Gradle version not supported
 Nimrodda/lint-variant-baseline-gradle-plugin@master,UNKNOWN_BUILD_TOOL,UNKNOWN_BUILD_ERROR
NiraParikh/ZipSocial@master,maven,Cannot execute Maven from path
NickDelta/hermes-keycloak-image@main,maven,Could not transfer artifact (401 Unauthorized)
NimbusBase/NimbusBase_Android_Tutorial@master,gradle,Gradle version not supported
OCNYang/PageTransformerHelp@master,gradle,Gradle version not supported
 OctopusDeploy/UberJARDemo@master,UNKNOWN_BUILD_TOOL,UNKNOWN_BUILD_ERROR
OleksandrBoshko/PipelineEasyPay@master,gradle,Gradle version not supported
Odoo-mobile/framework@master,gradle,Gradle version not supported
OPSILab/Cape@main,maven,Maven compilation error (Class does not have member field)
 ODOS-II-Group/ODOSIIConsole@master,UNKNOWN_BUILD_TOOL,UNKNOWN_BUILD_ERROR
ONSdigital/rrm2-poc-jhipster@master,maven,Cannot execute Maven from path
 OhadR/authentication-flows@master,UNKNOWN_BUILD_TOOL,UNKNOWN_BUILD_ERROR
 Oliver-Loeffler/image-registration@master,UNKNOWN_BUILD_TOOL,UNKNOWN_BUILD_ERROR
NordicPlayground/puck-central-android@master,gradle,Gradle version not supported
NovatecConsulting/JMeter-InfluxDB-Writer@master,gradle,Gradle version not supported
OfficeDev/ews-java-api@master,maven,Maven compilation error (Compilation failure)
 OfficeDev/msa-auth-for-android@master,UNKNOWN_BUILD_TOOL,UNKNOWN_BUILD_ERROR
 ObeoNetwork/UML-Designer@master,UNKNOWN_BUILD_TOOL,UNKNOWN_BUILD_ERROR
OWASP/java-html-sanitizer@main,maven,Maven compilation error (Cannot find symbol)
NullStress/gradle-dependency-analysis-plugin@master,gradle,Gradle version not supported
OPERANDOH2020/op-clients@master,gradle,Gradle version not supported
OfficeDev/Office-365-SDK-for-Java@master,gradle,Gradle version not supported
 Notsfsssf/Pix-EzViewer@master,UNKNOWN_BUILD_TOOL,UNKNOWN_BUILD_ERROR
OleksandrBoshko/ProjectEasyPay@master,gradle,Gradle version not supported
Oleur/SWAPI-Android-SDK@master,gradle,Gradle version not supported
OWASP/owasp-java-encoder@main,maven,Maven compilation error (Compilation failure)
NordicSemiconductor/Android-DFU-Library@main,gradle,Gradle module version resolution error
OJZen/QMD_Android@master,gradle,Gradle module version resolution error
OVVL-HSO/OVVL-Server@master,gradle,Gradle wrapper JAR missing
 OctopusDeploy/ThymeleafSpringDemo@master,UNKNOWN_BUILD_TOOL,UNKNOWN_BUILD_ERROR
OilMod/OilForge@1_16_4,gradle,Gradle version not supported
 NumberDance/Atarion@master,UNKNOWN_BUILD_TOOL,UNKNOWN_BUILD_ERROR
OneSignal/OneSignal-Android-SDK@main,gradle,Android Gradle plugin requires higher Java version
 Omega-R/OmegaCenterIconButton@master,UNKNOWN_BUILD_TOOL,UNKNOWN_BUILD_ERROR
OpenG/swift-gradle-plugin@master,gradle,Gradle version not supported
OpenFTC/external-resources-gradle-plugin@master,gradle,Gradle version not supported
OpenFTC/OpenRC-Turbo@master,gradle,Android NDK (Side by side) compatible version not found
 OneNoteDev/Android-REST-API-Explorer@master,UNKNOWN_BUILD_TOOL,UNKNOWN_BUILD_ERROR
 OpenFeign/feign@master,UNKNOWN_BUILD_TOOL,UNKNOWN_BUILD_ERROR
Open-RIO/ToastAPI@development,gradle,Gradle version not supported
Open-RIO/GradleRIO-C@master,gradle,Gradle version not supported
 Open-RIO/GradleRIO@main,UNKNOWN_BUILD_TOOL,UNKNOWN_BUILD_ERROR
OpenEMS/openems@develop,gradle,Gradle wrapper JAR missing
OpenAPITools/openapi-style-validator@master,gradle,Gradle module version resolution error
OpenAS2/OpenAs2App@master,maven,Maven compilation error (Class file has wrong version)
Open-MBEE/util@2.3.1,maven,Maven compilation error (Compilation failure)
Open-MBEE/junit-xml-parser@master,gradle,Gradle version not supported
Open-MBEE/mdk-expression@develop,gradle,Gradle version not supported
 Open-MBEE/mdk@develop,UNKNOWN_BUILD_TOOL,UNKNOWN_BUILD_ERROR
 Open-MBEE/mdk-systems-reasoner@develop,UNKNOWN_BUILD_TOOL,UNKNOWN_BUILD_ERROR
Open-MBEE/swagger-codegen-mathematica-client@develop,gradle,Gradle version not supported
Open-MBEE/mpspi@master,maven,Could not transfer artifact (401 Unauthorized)
Open-MBEE/swagger-codegen-matlab-client@develop,gradle,Gradle version not supported
OmaarElAmri/Blasa.v2@master,gradle,Gradle version not supported
OneBusAway/onebusaway-vdv-modules@master,maven,POM file processing error (Failed to download POM)
OneBusAway/onebusaway-siri@master,maven,Could not transfer artifact (401 Unauthorized)
OneBusAway/onebusaway-client-library-demo@master,maven,Could not transfer artifact (401 Unauthorized)
OneBusAway/onebusaway-alexa@master,maven,Could not transfer artifact (401 Unauthorized)
OneBusAway/onebusaway-uk@master,maven,Could not transfer artifact (401 Unauthorized)
OneBusAway/onebusaway-gtfs-realtime-trip-updates-producer-demo@master,maven,Could not transfer artifact (401 Unauthorized)
OneBusAway/onebusaway-gtfs-realtime-from-nextbus-cli@master,maven,Could not transfer artifact (401 Unauthorized)
OneBusAway/onebusaway-guice-jetty-exporter@master,maven,Could not transfer artifact (401 Unauthorized)
OneBusAway/onebusaway-application-modules@master,maven,POM file processing error (Failed to download POM)
OneBusAway/onebusaway-gtfs-realtime-from-siri-cli@master,maven,Could not transfer artifact (401 Unauthorized)
OneBusAway/onebusaway-gtfs-to-barefoot@master,maven,Could not transfer artifact (401 Unauthorized)
OneBusAway/onebusaway-wiki-integration@master,maven,Could not transfer artifact (401 Unauthorized)
OneBusAway/onebusaway-client-library@master,maven,Could not transfer artifact (401 Unauthorized)
Omiknight/Daily@master,gradle,Gradle version not supported
Onkarn92/CompareImage@master,gradle,Gradle version not supported
OnlyInAmerica/BLEMeshChat@master,gradle,Gradle version not supported
 OpenCCG/openccg@master,UNKNOWN_BUILD_TOOL,UNKNOWN_BUILD_ERROR
 OmarSagazio/bnr@master,UNKNOWN_BUILD_TOOL,UNKNOWN_BUILD_ERROR
OlivierCroisier/restangular@master,maven,Maven compilation error (Compilation failure)
OpenCubicChunks/WorldFixer@master,gradle,Gradle version not supported
OpenCubicChunks/RegionLib@master,gradle,Gradle version not supported
OpenCubicChunks/CubicWorldGen@MC_1.12,gradle,Gradle plugin not installed
OpenCubicChunks/CubicChunksConverter@master,gradle,Gradle version not supported
OpenCubicChunks/CubicChunks@MC_1.12,gradle,Gradle plugin not installed
OljaSh/java_for_automation@master,gradle,Gradle wrapper JAR missing
OpenClinica/OpenClinica@master,maven,Could not transfer artifact (401 Unauthorized)
OneDrive/onedrive-explorer-android@master,gradle,Gradle version not supported
OneDrive/onedrive-sdk-android@master,gradle,Gradle version not supported
 Omertron/api-imdb@master,UNKNOWN_BUILD_TOOL,UNKNOWN_BUILD_ERROR
OscarHMG/IndoorPositioningSystem@master,gradle,Gradle version not supported
OrangeCobras/TRAINsleeperBEEPER@master,gradle,Gradle version not supported
OpnTec/open-event-android@master,gradle,Gradle version not supported
OpnTec/ots15-companion@master,gradle,Gradle version not supported
 P3GLEG/PwnBack@master,UNKNOWN_BUILD_TOOL,UNKNOWN_BUILD_ERROR
PC-Logix/LanteaBot@master,maven,Maven compilation error (Compilation failure)
 OpenHelios/de.buehmann.gradle.jubula@master,UNKNOWN_BUILD_TOOL,UNKNOWN_BUILD_ERROR
 OpenVidu/openvidu-tutorials@master,UNKNOWN_BUILD_TOOL,UNKNOWN_BUILD_ERROR
OpenVidu/openvidu@master,maven,Could not transfer artifact (401 Unauthorized)
Opetushallitus/haku@master,maven,Could not transfer artifact (401 Unauthorized)
Opetushallitus/eperusteet-backend-utils@master,maven,Could not find a version of Java that met the requirements of the repository
 OpenSrcerer/supersonic@master,UNKNOWN_BUILD_TOOL,UNKNOWN_BUILD_ERROR
 OpenMined/syft-proto@master,UNKNOWN_BUILD_TOOL,UNKNOWN_BUILD_ERROR
P4nda0s/CryptoFucker@master,gradle,Gradle version not supported
OpenMods/OpenData@1.12.1,gradle,Gradle version not supported
OpenLimark/GitFlowSemVerPlugin@develop,gradle,Gradle version not supported
OpenSeizureDetector/Android_Pebble_SD@master,gradle,Gradle module version resolution error
 OpenLineage/OpenLineage@main,UNKNOWN_BUILD_TOOL,UNKNOWN_BUILD_ERROR
 OpenHFT/Java-Thread-Affinity@ea,UNKNOWN_BUILD_TOOL,UNKNOWN_BUILD_ERROR
OpenHFT/Zero-Allocation-Hashing@ea,maven,Maven compilation error (Compilation failure)
 OpenSource-Infinix/android_external_two@X556N,UNKNOWN_BUILD_TOOL,UNKNOWN_BUILD_ERROR
Owl-e/hometracker-application-plugin@main,gradle,Gradle wrapper JAR missing
Ordinastie/MalisisCore@1.12,gradle,Gradle version not supported
PAGalaxyLab/YAHFA@master,gradle,Android NDK (Side by side) license not accepted
 OpenNMS/horizon-stream@develop,UNKNOWN_BUILD_TOOL,UNKNOWN_BUILD_ERROR
Outurnate/WarpBook@1.12.1,gradle,Gradle version not supported
Orbiter/android_processing_boilerplate@master,gradle,Gradle version not supported
 OxygenCobalt/Auxio@dev,UNKNOWN_BUILD_TOOL,UNKNOWN_BUILD_ERROR
 OpenWiseSolutions/openhub-ri@develop,UNKNOWN_BUILD_TOOL,UNKNOWN_BUILD_ERROR
 OpenWiseSolutions/openhub-framework@develop,UNKNOWN_BUILD_TOOL,UNKNOWN_BUILD_ERROR
ParanoidUser/codewars-handbook@main,gradle,Failed to notify build listener
PGMDev/PGM@dev,maven,Could not transfer artifact (401 Unauthorized)
PavlikPolivka/GitLabProjects@master,gradle,Gradle version not supported
 PayEx/rawcap-roller@master,UNKNOWN_BUILD_TOOL,UNKNOWN_BUILD_ERROR
PDDStudio/EncryptedPreferences@master,gradle,Gradle version not supported
 PatilShreyas/Foodium@master,UNKNOWN_BUILD_TOOL,UNKNOWN_BUILD_ERROR
PaystackHQ/paystack-android@master,gradle,Gradle module version resolution error
PayMaya/PayMaya-Android-SDK-Sample@master,gradle,Gradle version not supported
ParitoshDwivedi/CloudFarmTesting@master,gradle,Gradle version not supported
PaNaVTEC/Clean-Contacts@develop,gradle,Gradle version not supported
PDDStudio/StarView@master,gradle,Gradle version not supported
 PedroBern/react-native-collapsible-tab-view@main,UNKNOWN_BUILD_TOOL,UNKNOWN_BUILD_ERROR
 PaaS-TA/paas-ta-container-platform-caas-dashboard@master,UNKNOWN_BUILD_TOOL,UNKNOWN_BUILD_ERROR
PaNaVTEC/Wizard@master,gradle,Gradle version not supported
ParallelAI/SpyGlass@master,maven,Could not transfer artifact (401 Unauthorized)
 Patchett/CryptoBuddy@master,UNKNOWN_BUILD_TOOL,UNKNOWN_BUILD_ERROR
Parallels/jenkins-parallels@master,maven,Maven extension exception (Extension compiled by a more recent version of Java Runtime)
PReimers/kame-android@master,gradle,Gradle version not supported
PaNaVTEC/DrawableView@master,gradle,Gradle version not supported
 Panlf/springboot-learn@master,UNKNOWN_BUILD_TOOL,UNKNOWN_BUILD_ERROR
Pastor/dadata@master,maven,Maven compilation error (Compilation failure)
PaulekOfficial/ExampleMod@master,gradle,Gradle wrapper JAR missing
 Peakmain/AsmActualCombat@master,UNKNOWN_BUILD_TOOL,UNKNOWN_BUILD_ERROR
 PearsonEducation/Docussandra@master,UNKNOWN_BUILD_TOOL,UNKNOWN_BUILD_ERROR
PaNaVTEC/Coordinator-java@master,gradle,Gradle version not supported
PawelJ-PL/gradle-git-version-calculator@master,gradle,Gradle version not supported
PDDStudio/Talk@master,gradle,Gradle version not supported
PandoCloud/pando-android-sdk@master,gradle,Gradle version not supported
 PaaS-TA/PAAS-TA-CAAS-API@master,UNKNOWN_BUILD_TOOL,UNKNOWN_BUILD_ERROR
PearKMA/AppAndroid@master,gradle,Gradle version not supported
PatilShreyas/Capturable@master,gradle,Gradle module version resolution error
PappZsolt1/Labirintus@master,gradle,Gradle version not supported
 PFEApp/IREAD2@master,UNKNOWN_BUILD_TOOL,UNKNOWN_BUILD_ERROR
Pierre-Primary/PullRefreshView@master,gradle,Gradle version not supported
PleaseCallMeCoder/PrettyGirls@dev,gradle,Gradle version not supported
 PierfrancescoSoffritti/sliding-panel@master,UNKNOWN_BUILD_TOOL,UNKNOWN_BUILD_ERROR
Piasy/RxAndroidAudio@master,gradle,Android NDK (Side by side) license not accepted
 PetarMarijanovic/RxActivityResult@2.x,UNKNOWN_BUILD_TOOL,UNKNOWN_BUILD_ERROR
Phortran/SicurezzaInformatica@master,gradle,Gradle version not supported
 Petersoj/alpaca-java@master,UNKNOWN_BUILD_TOOL,UNKNOWN_BUILD_ERROR
 PhilippeBoisney/ArchApp@master,UNKNOWN_BUILD_TOOL,UNKNOWN_BUILD_ERROR
 Piasy/UltraGpuImage@master,UNKNOWN_BUILD_TOOL,UNKNOWN_BUILD_ERROR
PerfMa/xpocket@main,maven,POM file processing error (Failed to download POM)
PeelTechnologies/react-native-tcp@master,gradle,Gradle version not supported
PierfrancescoSoffritti/android-youtube-player@master,gradle,Gradle module version resolution error
PeteGoo/tcSlackBuildNotifier@master,maven,Could not transfer artifact (401 Unauthorized)
Perfare/Zygisk-Il2CppDumper@master,gradle,Android NDK (Side by side) license not accepted
PlatONnetwork/client-sdk-java@master,gradle,Gradle version not supported
Piasy/FridaAndroidTracer@master,gradle,Gradle version not supported
 PhotonVision/photonvision@master,UNKNOWN_BUILD_TOOL,UNKNOWN_BUILD_ERROR
PedroHBCruz/ListAndBuy-Backend@master,maven,Maven compilation error (Cannot find symbol)
Platinumwrist/airbnb-friends@master,gradle,Gradle wrapper JAR missing
 PeterCxy/SocksDroid@master,UNKNOWN_BUILD_TOOL,UNKNOWN_BUILD_ERROR
 Pesegato/MonkeySheet@master,UNKNOWN_BUILD_TOOL,UNKNOWN_BUILD_ERROR
PierreBesson/jhipster-prometheus-demo@master,maven,Cannot execute Maven from path
 PhilJay/MPAndroidChart@master,UNKNOWN_BUILD_TOOL,UNKNOWN_BUILD_ERROR
Pixplicity/HtmlCompat@master,gradle,Gradle version not supported
PhilJay/MPAndroidChart-Realm@master,gradle,Gradle version not supported
 PierfrancescoSoffritti/ShrinkingImageLayout@master,UNKNOWN_BUILD_TOOL,UNKNOWN_BUILD_ERROR
Petikoch/Java_MVVM_with_Swing_and_RxJava_Examples@master,gradle,Gradle version not supported
PeelTechnologies/react-native-os@master,gradle,Gradle version not supported
PicnicSupermarket/error-prone-support@master,maven,Could not transfer artifact (401 Unauthorized)
Pierry/SimpleToast@master,gradle,Gradle version not supported
Pixplicity/MultiViewPager@master,gradle,Gradle version not supported
PhilippeBoisney/GithubArchitectureComponents@master,gradle,Gradle version not supported
Piotr-Filochowski/JarExplorer@master,maven,Maven compilation error (Package does not exist)
 PhilippKrone/react-native-fileupload@master,UNKNOWN_BUILD_TOOL,UNKNOWN_BUILD_ERROR
Pierry/Backeasy@master,gradle,Gradle version not supported
Piasy/BigImageViewer@master,gradle,Android Gradle plugin requires higher Java version
PiotrLuboch/ActionReactionAndroid@master,gradle,Gradle version not supported
Pixplicity/letterpress@master,gradle,Gradle version not supported
 Polarrco/PolarrPhotoEditorAndroidSDK@master,UNKNOWN_BUILD_TOOL,UNKNOWN_BUILD_ERROR
 Pozo/enykk-api@master,UNKNOWN_BUILD_TOOL,UNKNOWN_BUILD_ERROR
Popalay/Tutors@master,gradle,Gradle version not supported
Polidea/gradle-config@master,gradle,Gradle version not supported
 Polidea/Cockpit@master,UNKNOWN_BUILD_TOOL,UNKNOWN_BUILD_ERROR
PranavMaganti/compose-material-dialogs@main,gradle,Gradle module version resolution error
PluginsCDTribe/MesmerizeNk@master,maven,Could not transfer artifact (401 Unauthorized)
 PluginSystem-StudyManager/PluginCreator@master,UNKNOWN_BUILD_TOOL,UNKNOWN_BUILD_ERROR
 PureWriter/about-page@master,UNKNOWN_BUILD_TOOL,UNKNOWN_BUILD_ERROR
 PureWriter/desktop@master,UNKNOWN_BUILD_TOOL,UNKNOWN_BUILD_ERROR
PureWriter/ToastCompat@master,gradle,Gradle version not supported
 PurelyApplied/gradle-jar-checks-plugin@master,UNKNOWN_BUILD_TOOL,UNKNOWN_BUILD_ERROR
Popenga/SEPMSS17@master,maven,Maven compilation error (Package does not exist)
PoplarTang/FancyListIndexer@master,gradle,Gradle version not supported
PurKot/busRoutePlanner-Java@master,gradle,Gradle version not supported
PreferredAI/venom@master,maven,Could not transfer artifact (401 Unauthorized)
PrashamTrivedi/ProguardSnips@master,gradle,Gradle version not supported
 PrashamTrivedi/SharedPreferenceInspector@master,UNKNOWN_BUILD_TOOL,UNKNOWN_BUILD_ERROR
PranavDixit20/ATMMadat@master,gradle,Gradle version not supported
 PredixDev/predix-rest-client@master,UNKNOWN_BUILD_TOOL,UNKNOWN_BUILD_ERROR
Praqma/gradle-docker-plugin@master,gradle,Gradle version not supported
Praqma/Matrix-Reloaded-Plugin@master,maven,Maven compilation error (Compilation failure)
Praqma/logging-plugin@master,maven,Maven extension exception (Extension compiled by a more recent version of Java Runtime)
Pritish9124/Mr.-Doctor@master,gradle,Gradle version not supported
PlusHaze/TrayNotification@master,maven,Maven compilation error (Package does not exist)
 ProtocolSupport/ProtocolSupport@master,UNKNOWN_BUILD_TOOL,UNKNOWN_BUILD_ERROR
 PorkStudios/Pork2b2tBot@master,UNKNOWN_BUILD_TOOL,UNKNOWN_BUILD_ERROR
PyvesB/AntiWorldFly@master,maven,Could not transfer artifact (401 Unauthorized)
 PortSwigger/httpoxy-scanner@master,UNKNOWN_BUILD_TOOL,UNKNOWN_BUILD_ERROR
 PortSwigger/http-request-smuggler@master,UNKNOWN_BUILD_TOOL,UNKNOWN_BUILD_ERROR
 PortSwigger/html5-auditor@master,UNKNOWN_BUILD_TOOL,UNKNOWN_BUILD_ERROR
R4md4c/ResFoldersDetector@master,gradle,Gradle version not supported
 QuiltServerTools/TickTools@master,UNKNOWN_BUILD_TOOL,UNKNOWN_BUILD_ERROR
RahulJanagouda/StatusStories@master,gradle,Gradle version not supported
 Qatja/qatja-android@master,UNKNOWN_BUILD_TOOL,UNKNOWN_BUILD_ERROR
QuickBirdEng/opencv-android@master,gradle,Gradle wrapper JAR missing
Qbian61/forum-java@main,maven,Cannot execute Maven from path
RMIT-SEPT/Backtable@master,gradle,Gradle version not supported
Quyunshuo/AndroidBaseFrameMVVM@master,gradle,Gradle wrapper JAR missing
Rabtman/WsManager@master,gradle,Gradle version not supported
Qi4j/qi4j-sdk@develop,gradle,Gradle version not supported
Qixalite/SpongeStart@master,gradle,Gradle version not supported
 RIPE-NCC/whois@master,UNKNOWN_BUILD_TOOL,UNKNOWN_BUILD_ERROR
RIPE-NCC/hadoop-pcap@master,maven,Could not transfer artifact (401 Unauthorized)
 RBusarow/Tangle@main,UNKNOWN_BUILD_TOOL,UNKNOWN_BUILD_ERROR
Qmino/miredot-petstore@master,maven,Could not transfer artifact (401 Unauthorized)
Qiaoidea/QQTipsView@master,gradle,Gradle version not supported
 Quantones/JniSecret@main,UNKNOWN_BUILD_TOOL,UNKNOWN_BUILD_ERROR
QiangJinWang/freemaker_test@main,maven,Cannot execute Maven from path
 QuiltMC/quilt-loader@develop,UNKNOWN_BUILD_TOOL,UNKNOWN_BUILD_ERROR
RJ/irccat@master,maven,Could not transfer artifact (401 Unauthorized)
Railcraft/Railcraft@mc-1.12.2,gradle,Gradle version not supported
Qiang3570/LiveLayout@master,gradle,Gradle version not supported
 Radioafricagroup/flyway@master,UNKNOWN_BUILD_TOOL,UNKNOWN_BUILD_ERROR
RagavanRevature/Spring-Security-SAML@v1,gradle,Gradle version not supported
Radoslaw92/FinalYearProject@master,gradle,Gradle version not supported
QwerTech/spring-cadence-play@master,maven,Cannot execute Maven from path
REDNBLACK/J-Kinopoisk2IMDB@master,gradle,Gradle version not supported
Qualeams/Android-Face-Recognition-with-Deep-Learning-Library@master,gradle,Gradle wrapper JAR missing
RMLio/RML-Mapper@master,maven,Maven project build error (Child module of parent POM does not exist)
Q42/AndroidScrollingImageView@master,gradle,Gradle version not supported
QQhuxuhui/kafkaMonitor@master,maven,Cannot execute Maven from path
Radialbog9/MinecraftManhunt@master,maven,Could not transfer artifact (401 Unauthorized)
Quatja/Vorolay@master,gradle,Gradle version not supported
RNowak4/SPDB@master,maven,Cannot execute Maven from path
ROMVoid95/ReadOnlyGradle@master,maven,Could not transfer artifact (401 Unauthorized)
 REBOOTERS/AndroidAnimationExercise@master,UNKNOWN_BUILD_TOOL,UNKNOWN_BUILD_ERROR
Qianmeng2000/Chem-CS-125@master,gradle,Gradle version not supported
ReVanced/revanced-cli@main,gradle,Gradle module version resolution error
Relucent/yyl_example@master,maven,Maven compilation error (Compilation failure)
ReactiveX/RxJavaReactiveStreams@1.x,gradle,Gradle version not supported
ReDestroyDeR/ReactiveLearn@master,maven,Could not find a version of Java that met the requirements of the repository
ReactiveX/RxJavaMath@1.x,gradle,Gradle version not supported
RazibKani/MultiLanguageApp@master,gradle,Gradle version not supported
RaysHuch/FreeMarkerDemo@master,gradle,Gradle version not supported
 RelonZhu/Spring-Relon@master,UNKNOWN_BUILD_TOOL,UNKNOWN_BUILD_ERROR
ReactiveX/RxJavaDebug@1.x,gradle,Gradle version not supported
 Refinitiv/Real-Time-SDK@master,UNKNOWN_BUILD_TOOL,UNKNOWN_BUILD_ERROR
ReactiveX/RxJavaJoins@0.x,gradle,Gradle version not supported
ReactiveX/RxSwing@0.x,gradle,Gradle version not supported
 Ramotion/expanding-collection-android@master,UNKNOWN_BUILD_TOOL,UNKNOWN_BUILD_ERROR
 RedApparat/Fotoapparat@master,UNKNOWN_BUILD_TOOL,UNKNOWN_BUILD_ERROR
 RamiJ3mli/PercentageChartView@master,UNKNOWN_BUILD_TOOL,UNKNOWN_BUILD_ERROR
 Raxa/raxacore@master,UNKNOWN_BUILD_TOOL,UNKNOWN_BUILD_ERROR
 Ramotion/cardslider-android@master,UNKNOWN_BUILD_TOOL,UNKNOWN_BUILD_ERROR
Red5/red5-server@master,maven,Could not find a version of Java that met the requirements of the repository
 Ramotion/garland-view-android@master,UNKNOWN_BUILD_TOOL,UNKNOWN_BUILD_ERROR
RameshMF/springboot-thymeleaf-web-app@master,maven,Cannot execute Maven from path
 RedPillAnalytics/gradle-confluent@master,UNKNOWN_BUILD_TOOL,UNKNOWN_BUILD_ERROR
ReactiveX/RxQuasar@0.x,gradle,Gradle version not supported
 RelativityMC/C2ME-fabric@ver/1.19.1,UNKNOWN_BUILD_TOOL,UNKNOWN_BUILD_ERROR
RapidPM/rapidpm-dependencies@develop,maven,Could not transfer artifact (401 Unauthorized)
RedMadRobot/input-mask-android@master,gradle,Android Gradle plugin requires higher Java version
RameshMF/spring-boot-tutorial@master,maven,Maven compilation error (Package does not exist)
ReactiveX/RxJavaString@1.x,gradle,Gradle version not supported
 ReactiveCircus/app-versioning@main,UNKNOWN_BUILD_TOOL,UNKNOWN_BUILD_ERROR
ReactiveX/RxJavaAsyncUtil@0.x,gradle,Gradle version not supported
 Ramotion/direct-select-android@master,UNKNOWN_BUILD_TOOL,UNKNOWN_BUILD_ERROR
RameshMF/registration-login-spring-boot-security-thymeleaf-hibernate@master,maven,Cannot execute Maven from path
Red1144/jhipster-minibook-example-maven@master,maven,Maven compilation error (Class file has wrong version)
 RedFreeFox/localtest@master,UNKNOWN_BUILD_TOOL,UNKNOWN_BUILD_ERROR
ReVanced/revanced-patches@main,gradle,Gradle module version resolution error
ReactiveX/RxNetty@0.5.x,gradle,Gradle version not supported
RemiNV/CalendarMute@master,gradle,Gradle version not supported
ReactiveX/RxJavaComputationExpressions@0.x,gradle,Gradle version not supported
 Ramotion/circle-menu-android@master,UNKNOWN_BUILD_TOOL,UNKNOWN_BUILD_ERROR
Rednoll/kero-security-jakarta-spring@master,gradle,Gradle module version resolution error
Raysmond/SpringBlog@master,gradle,Gradle version not supported
RobWin/assertj-swagger@master,gradle,Gradle version not supported
RestComm/jdiameter@master,maven,Maven compilation error (Compilation failure)
 Robothy/cn-repo@master,UNKNOWN_BUILD_TOOL,UNKNOWN_BUILD_ERROR
RobertBColton/DockFX@master,maven,Maven compilation error (Package does not exist)
 RepreZen/KaiZen-OpenAPI-Editor@master,UNKNOWN_BUILD_TOOL,UNKNOWN_BUILD_ERROR
RestComm/jss7@master,maven,POM file processing error (Failed to download POM)
RestComm/smscgateway@master,maven,POM file processing error (Failed to download POM)
 RenuTiwari1401/Encryption@master,UNKNOWN_BUILD_TOOL,UNKNOWN_BUILD_ERROR
RobotAmiee/Android-NiceTab@master,gradle,Gradle version not supported
RobinGhosh64/pk-sample-coreapp@master,maven,Cannot execute Maven from path
RocketChat/Rocket.Chat.Kotlin.SDK@develop,gradle,Gradle version not supported
RetroMusicPlayer/RetroMusicPlayer@dev,gradle,Gradle module version resolution error
RonSeekers/netty@master,maven,Ant build error (Cannot run program; No such file or directory)
 RocketChat/rn-user-defaults@master,UNKNOWN_BUILD_TOOL,UNKNOWN_BUILD_ERROR
RestlessDevil/RePol@master,maven,Could not transfer artifact (401 Unauthorized)
RestComm/sipunit@master,maven,Could not transfer artifact (401 Unauthorized)
Revinz/P2_Application@master,gradle,Gradle version not supported
 RoboZonky/robozonky@master,UNKNOWN_BUILD_TOOL,UNKNOWN_BUILD_ERROR
 RikkaApps/Shizuku@master,UNKNOWN_BUILD_TOOL,UNKNOWN_BUILD_ERROR
Rishi29/SpringBootAngular@master,maven,Maven compilation error (Package does not exist)
RestComm/jain-slee.sip@master,maven,POM file processing error (Failed to download POM)
RileyManda/GSAuto@master,gradle,Gradle version not supported
 RestComm/gmlc@master,UNKNOWN_BUILD_TOOL,UNKNOWN_BUILD_ERROR
 RocketPartners/rocket-inversion@master,UNKNOWN_BUILD_TOOL,UNKNOWN_BUILD_ERROR
RestComm/jain-slee.diameter@master,maven,POM file processing error (Failed to download POM)
RohanNagar/dropwizard-template@master,maven,Maven compilation error (Cannot find symbol)
Rogero0o/DrawingAnimate@master,gradle,Gradle version not supported
RohitAwate/Everest@master,maven,Maven compilation error (Package does not exist)
Riverside-Software/sonar-openedge@develop,maven,Maven compilation error (Cannot find symbol)
RickyYu/Nfc-Android@master,gradle,Gradle version not supported
 RileyManda/KiranaVendors@master,UNKNOWN_BUILD_TOOL,UNKNOWN_BUILD_ERROR
RestComm/sip-servlets@master,maven,POM file processing error (Failed to download POM)
 SAP/commerce-gradle-plugin@main,UNKNOWN_BUILD_TOOL,UNKNOWN_BUILD_ERROR
 Ryan-Shz/FastWebView@master,UNKNOWN_BUILD_TOOL,UNKNOWN_BUILD_ERROR
RuedigerMoeller/fast-serialization@master,maven,Maven compilation error (Compilation failure)
SAP/abap-cleaner@main,maven,Could not transfer artifact (401 Unauthorized)
RubenNL/BedWars@master,maven,Maven compilation error (Class file has wrong version)
RustemNab/Quest@master,gradle,Gradle version not supported
RuckusWirelessIL/pentaho-kafka-consumer@master,maven,Could not transfer artifact (401 Unauthorized)
RouNNdeL/smart-home-android@master,gradle,Gradle version not supported
Rukey7/MvpApp@master,gradle,Gradle version not supported
 RurioLuca/QrCardParsing@master,UNKNOWN_BUILD_TOOL,UNKNOWN_BUILD_ERROR
SAP-samples/cloud-ariba-partner-flow-extension-ext@main,maven,Maven compilation error (Package does not exist)
Rubante/ruban@master,maven,POM file processing error (Failed to download POM)
RookieTree/DaMaiHelper@master,gradle,Gradle module version resolution error
 Rubbishman/rubbishRedux@master,UNKNOWN_BUILD_TOOL,UNKNOWN_BUILD_ERROR
 SAP/SapMachine@sapmachine,UNKNOWN_BUILD_TOOL,UNKNOWN_BUILD_ERROR
RxViper/RxViper@1.x,gradle,Gradle version not supported
RyuzakiKK/NoteCrypt@master,gradle,Gradle version not supported
RubenNL/autoLoadUnloadWorld@master,maven,Could not transfer artifact (401 Unauthorized)
 Ronmor/Polynom@master,UNKNOWN_BUILD_TOOL,UNKNOWN_BUILD_ERROR
 SAP/cloud-primetime@master,UNKNOWN_BUILD_TOOL,UNKNOWN_BUILD_ERROR
 RoughTomato/SnakeFX@master,UNKNOWN_BUILD_TOOL,UNKNOWN_BUILD_ERROR
SAP-samples/cloud-sfsf-benefits-ext@main,maven,Maven compilation error (Compilation failure)
Rormattio/ComiqueBouc@master,gradle,Gradle wrapper JAR missing
 RonaldTheodoro/Spring-Tutorial@master,UNKNOWN_BUILD_TOOL,UNKNOWN_BUILD_ERROR
SAP-samples/cloud-ariba-discovery-rfx-to-external-marketplace-ext@main,maven,Maven compilation error (Compilation failure)
RubenNL/Lobby@master,maven,Maven compilation error (Class file has wrong version)
RoverPlatform/rover-android@master,gradle,Android Gradle plugin requires higher Java version
RubenNL/FishSlap@master,maven,Maven compilation error (Class file has wrong version)
RupinS/CardDrawer@master,gradle,Gradle version not supported
SQuazar/OfflineManager@main,maven,Maven compilation error (Class does not have member field)
SQiShER/java-object-diff@master,gradle,Gradle version not supported
SEGOV/Shelper@master,maven,Maven compilation error (Package does not exist)
SJTGSHIVAM/GameStar@master,gradle,Gradle version not supported
SValence/SafeKeyboard@master,gradle,Android Gradle plugin requires higher Java version
 SAP/gigya-react-native-plugin-for-sap-customer-data-cloud@main,UNKNOWN_BUILD_TOOL,UNKNOWN_BUILD_ERROR
SAP/hybris-commerce-eclipse-plugin@master,maven,POM file processing error (Failed to download POM)
SAP/metadata-creation-tool-for-reuse@main,maven,Maven compilation error (Class file has wrong version)
SAP/jcomigrationhelperplugin@master,maven,Could not transfer artifact (401 Unauthorized)
 SAP/project-fontus@main,UNKNOWN_BUILD_TOOL,UNKNOWN_BUILD_ERROR
SAP/gigya-android-sdk@main,gradle,Android Gradle plugin requires higher Java version
SabreOSS/nimbus@main,maven,Maven compilation error (Illegal access)
SQLDroid/SQLDroid@master,maven,Could not find artifact
STAMP-project/AssertFixer@master,maven,Maven compilation error (Class file has wrong version)
STAMP-project/EvoCrash@master,maven,Maven compilation error (Package does not exist)
SEAbdulbasit/MusicApp-KMP@master,gradle,Gradle module version resolution error
 SMRipon914/Social-media@master,UNKNOWN_BUILD_TOOL,UNKNOWN_BUILD_ERROR
 SDUOJ/sduoj-server@master,UNKNOWN_BUILD_TOOL,UNKNOWN_BUILD_ERROR
SRI-CSL/daikon-gradle-plugin@master,gradle,Gradle plugin not installed
 SHsuperCM/FletchingTable@main,UNKNOWN_BUILD_TOOL,UNKNOWN_BUILD_ERROR
SICSoftwareGmbH/kpp-management-plugin@master,maven,Maven extension exception (Extension compiled by a more recent version of Java Runtime)
Sable/heros@develop,maven,Could not transfer artifact (401 Unauthorized)
 STAR-ZERO/NavProguardGenerator@master,UNKNOWN_BUILD_TOOL,UNKNOWN_BUILD_ERROR
STAR-ZERO/gradle-githook@master,gradle,Gradle version not supported
 SLAMon/SLAMon@master,UNKNOWN_BUILD_TOOL,UNKNOWN_BUILD_ERROR
SawFowl/GuiShopManager@API8,gradle,Module version not found
SandraZiv/DSD-Cycling-Advocacy@master,gradle,Gradle wrapper JAR missing
SalmanZach/Springy_Facebook_Rebound@master,gradle,Gradle version not supported
SawFowl/CubeRoll@master,gradle,Gradle version not supported
SeaHaige/pkplayer@master,gradle,Gradle version not supported
Sean12697/MMUCheeseApp@master,gradle,Gradle version not supported
SandarshikaSoftwareSolutions/FoodManagementService@master,gradle,Gradle version not supported
SaurabhSandav/PagingDemo@master,gradle,Gradle version not supported
SawFowl/QuestItemHelper@master,gradle,Gradle version not supported
SafeGroceryStore/MDUT@main,maven,Maven compilation error (Package does not exist)
SamThompson/BubbleActions@master,gradle,Gradle version not supported
Schinizer/RxUnfurl@develop,gradle,Gradle version not supported
Scrounger/CountryCurrencyPicker@master,gradle,Gradle version not supported
Samsung/microbit@master,gradle,Gradle version not supported
 Saka7/spring-boot-angular4-boilerplate@master,UNKNOWN_BUILD_TOOL,UNKNOWN_BUILD_ERROR
ScottCooper92/EdenYouTube@master,gradle,Gradle version not supported
 Safecast/Pointcast-Mobile-App@production,UNKNOWN_BUILD_TOOL,UNKNOWN_BUILD_ERROR
Scalified/fab@master,gradle,Gradle version not supported
SeanOxford/ExpandingImageMenu@master,gradle,Gradle version not supported
Sayi/swagger-dubbo@master,maven,Could not transfer artifact (401 Unauthorized)
SawFowl/LocaleTestPlugin@API8,gradle,Module version not found
SaeedMasoumi/FAB-Loading@master,gradle,Gradle version not supported
SandroMachado/openalpr-android@master,gradle,Gradle wrapper JAR missing
Scalified/viewmover@master,gradle,Gradle version not supported
Sebastian-0/SLogic@master,gradle,Gradle wrapper JAR missing
SandroMachado/AndroidTampering@master,gradle,Gradle version not supported
Samuel-Oliveira/Java_Danfe@master,maven,Could not transfer artifact (401 Unauthorized)
Sean12697/Calculator@master,gradle,Gradle version not supported
Samourai-Wallet/sentinel-android@develop,gradle,Gradle version not supported
Sasmita4/DailyExpenseWithSecurity@master,gradle,Gradle version not supported
Sayi/poi-tl@master,maven,Could not transfer artifact (401 Unauthorized)
 SharryChoo/SRouter@release,UNKNOWN_BUILD_TOOL,UNKNOWN_BUILD_ERROR
ShadabAzamFarooqui/to_pdf@master,gradle,Gradle version not supported
ShashikumarBasavarajappa/Shashi_Real_developement@master,maven,Maven compilation error (Package does not exist)
SebastianRosenberg/DDS-TPANUAL@entrega.8,maven,Could not transfer artifact (401 Unauthorized)
Semestre5/AMT_Projet@main,maven,Could not find a version of Java that met the requirements of the repository
SetoKaiba/aether-gradle-plugin@master,gradle,Gradle wrapper JAR missing
 ShamylZakariya/FlyoutMenus@master,UNKNOWN_BUILD_TOOL,UNKNOWN_BUILD_ERROR
ShalikaAshan01/MAD-Project@master,gradle,Gradle version not supported
 SecUSo/privacy-friendly-sudoku@master,UNKNOWN_BUILD_TOOL,UNKNOWN_BUILD_ERROR
 Serverfrog/FrogPw@master,UNKNOWN_BUILD_TOOL,UNKNOWN_BUILD_ERROR
SecUSo/privacy-friendly-weather@master,gradle,Gradle project directory does not exist
SeelabFhdo/codegenerator-gradle-plugin@master,gradle,Gradle version not supported
 SeyrenGuile/Proyectos-2017@master,UNKNOWN_BUILD_TOOL,UNKNOWN_BUILD_ERROR
 SenhLinsh/Utils-Everywhere@master,UNKNOWN_BUILD_TOOL,UNKNOWN_BUILD_ERROR
SensingKit/SensingKit-Android@master,gradle,Gradle version not supported
 Shabinder/SpotiFlyer@main,UNKNOWN_BUILD_TOOL,UNKNOWN_BUILD_ERROR
Shaojung/DB052001@master,gradle,Gradle version not supported
 SecUSo/privacy-friendly-pedometer@master,UNKNOWN_BUILD_TOOL,UNKNOWN_BUILD_ERROR
ShanChathusanda93/identity-user-consent-mgt@master,maven,Could not transfer artifact (401 Unauthorized)
 SharryChoo/SToolbar@release/appcompat,UNKNOWN_BUILD_TOOL,UNKNOWN_BUILD_ERROR
SenhLinsh/LshUnitTest@master,gradle,Gradle version not supported
SergeyLabuzav/HappyBaby_Backend@master,gradle,Gradle wrapper JAR missing
SeongUgJung/AndroidPermissions@master,gradle,Gradle version not supported
 ServenScorpion/VirtualApp@master,UNKNOWN_BUILD_TOOL,UNKNOWN_BUILD_ERROR
 SecUSo/privacy-friendly-wifi-manager@master,UNKNOWN_BUILD_TOOL,UNKNOWN_BUILD_ERROR
Shashank02051997/FancyAlertDialog-Android@master,gradle,Android Gradle plugin requires higher Java version
ShadiaBaroud/sh@master,maven,Cannot execute Maven from path
 SebiiToader/uProcessorsProject@master,UNKNOWN_BUILD_TOOL,UNKNOWN_BUILD_ERROR
Shahriarsajib/Unichain_test@master,gradle,Gradle version not supported
SimplesGroup/Simplicity_an@master,gradle,Gradle version not supported
SiberiaDante/MultiScrollDemo@master,gradle,Gradle version not supported
SkillCollege/SimplifyReader@master,gradle,Gradle version not supported
 ShioCMS/shio@master,UNKNOWN_BUILD_TOOL,UNKNOWN_BUILD_ERROR
ShifuML/shifu@master,maven,Could not transfer artifact (401 Unauthorized)
Shazxue/KotlinTest@master,gradle,Gradle version not supported
 Shouheng88/Compressor@master,UNKNOWN_BUILD_TOOL,UNKNOWN_BUILD_ERROR
 ShinChven/MigrateToGradle@master,UNKNOWN_BUILD_TOOL,UNKNOWN_BUILD_ERROR
 ShubhankarKG/VJTI-VConnect@master,UNKNOWN_BUILD_TOOL,UNKNOWN_BUILD_ERROR
SkyTubeTeam/SkyTube@master,gradle,Gradle module version resolution error
SilenceDut/TaskScheduler@master,gradle,Gradle version not supported
SilenceDut/ExpandableLayout@master,gradle,Gradle version not supported
 SimonEismann/MicroservicePerformanceMeasurements@master,UNKNOWN_BUILD_TOOL,UNKNOWN_BUILD_ERROR
Shiftify/shiftify@master,gradle,Gradle version not supported
ShibinCo/Webview@master,gradle,Gradle version not supported
Shayenen/agile-bpm@master,maven,Could not transfer artifact (401 Unauthorized)
 ShiliXu1997/EContract@master,UNKNOWN_BUILD_TOOL,UNKNOWN_BUILD_ERROR
SilverJan/gradle-showGraph@master,gradle,Gradle version not supported
ShikherVerma/NagMail@master,gradle,Gradle version not supported
Shuyun123/MenuSummary@master,gradle,Gradle version not supported
 Shopify/livedata-ktx@master,UNKNOWN_BUILD_TOOL,UNKNOWN_BUILD_ERROR
 Shopify/mobile-buy-sdk-android@main,UNKNOWN_BUILD_TOOL,UNKNOWN_BUILD_ERROR
 Shopify/flash-list@main,UNKNOWN_BUILD_TOOL,UNKNOWN_BUILD_ERROR
ShkurtiA/AndroidPullMenu@master,gradle,Gradle wrapper JAR missing
Sid498/VIBGYOR@master,gradle,Gradle version not supported
Skrrrrrrrrr/kejiapower@main,maven,Maven compilation error (Package does not exist)
SimformSolutionsPvtLtd/SSComposeCookBook@main,gradle,Android Gradle plugin requires higher Java version
SimonMarquis/FCM-toolbox@master,gradle,Android Gradle plugin requires higher Java version
SimonMarquis/Android-SecretCodes@master,gradle,Gradle version not supported
 SimplyCmd/Terracraft@master,UNKNOWN_BUILD_TOOL,UNKNOWN_BUILD_ERROR
 ShiCloud/iot-mqtt@master,UNKNOWN_BUILD_TOOL,UNKNOWN_BUILD_ERROR
SimonVT/schematic@master,gradle,Gradle version not supported
SilleBille/DynamicCalendar@master,gradle,Gradle version not supported
 SimpleFinance/gradle-test-lab-plugin@main,UNKNOWN_BUILD_TOOL,UNKNOWN_BUILD_ERROR
Simon-Leeeeeeeee/XCodeScanner@master,gradle,Gradle version not supported
SherlockGougou/BigImageViewPager@master,gradle,Android Gradle plugin requires higher Java version
 SimonJPegg/mvn_scalafmt@master,UNKNOWN_BUILD_TOOL,UNKNOWN_BUILD_ERROR
SoftechDataSolutions/smart-cpd-repo@master,maven,Cannot execute Maven from path
 SoftwareAG/scriptpack@master,UNKNOWN_BUILD_TOOL,UNKNOWN_BUILD_ERROR
 SofianeMerouane/All_Project@master,UNKNOWN_BUILD_TOOL,UNKNOWN_BUILD_ERROR
SmartDataAnalytics/Sparqlify@master,maven,POM file processing error (Failed to download POM)
 Snapchat/login-kit-sample@main,UNKNOWN_BUILD_TOOL,UNKNOWN_BUILD_ERROR
 SmartSecurityLife/SmartOfSecurityLife@master,UNKNOWN_BUILD_TOOL,UNKNOWN_BUILD_ERROR
SoftwareBuildService/gitblit-plugin@master,maven,Could not transfer artifact (401 Unauthorized)
 SlimJar/slimjar@master,UNKNOWN_BUILD_TOOL,UNKNOWN_BUILD_ERROR
Snapcept/Snapcept@master,gradle,Gradle version not supported
SmartDengg/SmartDrawing@master,gradle,Gradle version not supported
SmartDengg/RxBlur@master,gradle,Gradle version not supported
SmartDengg/ColorViewpager@master,gradle,Gradle version not supported
SmartDengg/RxWeather@master,gradle,Gradle version not supported
 Sloy/preferator@master,UNKNOWN_BUILD_TOOL,UNKNOWN_BUILD_ERROR
SonarQubeCommunity/sonar-widget-lab@master,maven,Maven compilation error (Compilation failure)
SonarQubeCommunity/sonar-scm-stats@master,maven,Maven compilation error (Compilation failure)
SonarQubeCommunity/sonar-redmine@master,maven,Maven compilation error (Compilation failure)
Someonewow/SubmitButton@master,gradle,Gradle version not supported
Software-Cat/TicTacToe@master,gradle,Gradle project directory does not exist
 Skyggedans/gradle-patchflutteraccessibility-plugin@master,UNKNOWN_BUILD_TOOL,UNKNOWN_BUILD_ERROR
SleepyTrousers/EnderCore@1.12,gradle,Gradle version not supported
SonarClouldTest/InvesTest@main,maven,Could not transfer artifact (401 Unauthorized)
SmartToolFactory/Jetpack-Compose-Tutorials@master,gradle,Gradle wrapper JAR missing
 Skytils/SkytilsMod@1.x,UNKNOWN_BUILD_TOOL,UNKNOWN_BUILD_ERROR
SocioPatterns/neo4j-dynagraph@master,maven,Maven compilation error (Package does not exist)
Slowpoke101/FTBLaunch@master,gradle,Gradle version not supported
Smartling/keycloak-user-migration-provider@master,gradle,Gradle version not supported
Solartisan/DragDropListView@master,gradle,Gradle version not supported
Solartisan/WaveSideBar@master,gradle,Gradle version not supported
Skykai521/RecyclerView-Animation-Demo@master,gradle,Gradle version not supported
Skykai521/DingDongHelper@main,gradle,Android Gradle plugin requires higher Java version
Skykai521/StickerCamera@master,gradle,Gradle version not supported
 Snownee/SnowRealMagic@1.18.2-fabric,UNKNOWN_BUILD_TOOL,UNKNOWN_BUILD_ERROR
SodiumFRP/sodium@master,maven,Could not transfer artifact (401 Unauthorized)
SonarSource/sonar-php@master,maven,Could not transfer artifact (401 Unauthorized)
SonarSource/sonar-java@master,maven,Could not transfer artifact (401 Unauthorized)
 SonarSource/sonar-dotnet@master,UNKNOWN_BUILD_TOOL,UNKNOWN_BUILD_ERROR
 SonarSource/sonar-python@master,UNKNOWN_BUILD_TOOL,UNKNOWN_BUILD_ERROR
SonarSource/sonar-scanner-api@master,maven,Could not transfer artifact (401 Unauthorized)
SonarSource/sonar-custom-rules-examples@master,maven,Could not find artifact
SonarSource/sonar-plugin-api@master,gradle,Gradle module version resolution error
SonarSource/sonar-scanner-commons@master,maven,Could not transfer artifact (401 Unauthorized)
SonarSource/sonar-xml@master,maven,Could not find a version of Java that met the requirements of the repository
SonarSource/sonar-scanner-gradle@master,gradle,Gradle module version resolution error
 SonarSource/sonarlint-core@master,UNKNOWN_BUILD_TOOL,UNKNOWN_BUILD_ERROR
 SonarSource/sonar-iac@master,UNKNOWN_BUILD_TOOL,UNKNOWN_BUILD_ERROR
SonarSource/git-files-blame@master,gradle,Gradle module version resolution error
SonarSource/sonar-scanner-maven@master,maven,Could not find a version of Java that met the requirements of the repository
SohanChy/Lipi@master,maven,Maven compilation error (Package does not exist)
 Skyler-Lee/spring-framework-5.2.2.RELEASE@master,UNKNOWN_BUILD_TOOL,UNKNOWN_BUILD_ERROR
 SnowVolf/PCompiler@master,UNKNOWN_BUILD_TOOL,UNKNOWN_BUILD_ERROR
SpineEventEngine/bootstrap@master,maven,Could not transfer artifact (401 Unauthorized)
Sottti/OkHttp-Volley-Gson@master,gradle,Gradle version not supported
SourceWriters/vCompat@release,maven,Could not find artifact
 SquarePear/updateinator@main,UNKNOWN_BUILD_TOOL,UNKNOWN_BUILD_ERROR
SpartanRefactoring/fluent.ly@master,maven,Maven compilation error (Package does not exist)
SpacialCircumstances/gradle-cucumber-reporting@master,gradle,Gradle plugin not installed
Soontao/cp-spring-boot-starter@master,maven,Cannot execute Maven from path
SonarSource/sonarlint-language-server@master,maven,Could not transfer artifact (401 Unauthorized)
SpongeBobSun/DNDGridView@master,gradle,Gradle version not supported
Sparker0i/Weather@master,gradle,Gradle version not supported
SpikeKing/TestCoordinatorLayout@master,gradle,Gradle version not supported
 SpongePowered/Mixin@master,UNKNOWN_BUILD_TOOL,UNKNOWN_BUILD_ERROR
Soteck/uoc-pds-cultureindahouse@master,maven,Could not transfer artifact (401 Unauthorized)
SpinyOwl/legui@develop,maven,Maven compilation error (Compilation failure)
SpoonLabs/coming@master,maven,Could not transfer artifact (401 Unauthorized)
Sovan25/master@master,maven,Ant build error (Cannot run program; No such file or directory)
SonarSource/sonarlint-eclipse@master,maven,Guice provision error
SpectraLogic/ds3_autogen@master,gradle,Gradle version not supported
SpoonLabs/gumtree-spoon-ast-diff@master,maven,Maven compilation error (Class file has wrong version)
SpongeBobSun/PoorEdit@master,gradle,Gradle version not supported
 SpriteLink/NIPAP@master,UNKNOWN_BUILD_TOOL,UNKNOWN_BUILD_ERROR
SpencerPark/IJava@master,gradle,Gradle version not supported
SpringCloud/venus-cloud-feign@master,maven,Cannot execute Maven from path
 SquirrelJME/SquirrelJME@trunk,UNKNOWN_BUILD_TOOL,UNKNOWN_BUILD_ERROR
SpikeKing/TestAppBar@master,gradle,Gradle version not supported
Soontao/wss-spring-on-scp@master,maven,Cannot execute Maven from path
Splitties/refreshVersions@main,gradle,Gradle plugin not installed
 SpecialCyCi/AndroidResideMenu@master,UNKNOWN_BUILD_TOOL,UNKNOWN_BUILD_ERROR
 SpongePowered/Sponge@api-8,UNKNOWN_BUILD_TOOL,UNKNOWN_BUILD_ERROR
SpringCloud/Moss@master,maven,Maven compilation error (Cannot find symbol)
SpineEventEngine/jdbc-storage@master,maven,Could not transfer artifact (401 Unauthorized)
 St4B/Sherlock@master,UNKNOWN_BUILD_TOOL,UNKNOWN_BUILD_ERROR
 StevenSuh/Bagito@master,UNKNOWN_BUILD_TOOL,UNKNOWN_BUILD_ERROR
Stericson/RootTools@master,gradle,Gradle version not supported
Stericson/RootShell@master,gradle,Gradle version not supported
SuppieRK/java-throwable-utils@master,gradle,Gradle module version resolution error
Subito-it/Masaccio@master,gradle,Gradle version not supported
 Stanley9733/MSITM-APAD-Project@master,UNKNOWN_BUILD_TOOL,UNKNOWN_BUILD_ERROR
 SusagTsyd/jclre@master,UNKNOWN_BUILD_TOOL,UNKNOWN_BUILD_ERROR
 SusionSuc/rabbit-client@master,UNKNOWN_BUILD_TOOL,UNKNOWN_BUILD_ERROR
StylingAndroid/Snowfall@master,gradle,Gradle version not supported
StylingAndroid/ManualLayoutTransitions@Part4,gradle,Gradle version not supported
StylingAndroid/MaterialProgressBar@master,gradle,Gradle version not supported
StylingAndroid/DesignLibrary@Part3,gradle,Gradle version not supported
Stingray42/ray-tracer@master,maven,Could not transfer artifact (401 Unauthorized)
Stingray42/tic-tac-toe@master,maven,Maven compilation error (Package does not exist)
Steen8/TermPaper@master,maven,Cannot execute Maven from path
 SupasinTatiyanupanwong/map-kit-android@main,UNKNOWN_BUILD_TOOL,UNKNOWN_BUILD_ERROR
StringMon/homescreenarcade@master,gradle,Gradle version not supported
StartApp-SDK/StartApp_InApp_SDK_Example@master,gradle,Gradle module version resolution error
Subh96/ScrollView_Implementation@master,gradle,Gradle version not supported
StevenByle/Android-Material-Themes-Demo@master,gradle,Gradle version not supported
StefanMich/Foobar-Control-Widget@master,gradle,Gradle version not supported
StayHungryStayFoolish/department-security@master,maven,Maven compilation error (Package does not exist)
Stuart-campbell/RushOrm@master,maven,Maven compilation error (Package does not exist)
SummerSec/SPATool@main,maven,Could not transfer artifact (401 Unauthorized)
SundeepK/CompactCalendarView@master,gradle,Gradle version not supported
SumiMakito/QuickKV@master,gradle,Gradle version not supported
SumiMakito/AdvancedTextSwitcher@master,gradle,Gradle version not supported
 Suleiman19/Android-Pagination-with-RecyclerView@master,UNKNOWN_BUILD_TOOL,UNKNOWN_BUILD_ERROR
StripesFramework/stripes-stuff@master,maven,Maven compilation error (Class file has wrong version)
SufficientlySecure/donations@master,gradle,Gradle version not supported
SufficientlySecure/document-viewer@master,gradle,Gradle version not supported
Stay/PullRecycler@master,gradle,Gradle version not supported
 SudeepGujar/solutions@master,UNKNOWN_BUILD_TOOL,UNKNOWN_BUILD_ERROR
 StubbornJava/StubbornJava@master,UNKNOWN_BUILD_TOOL,UNKNOWN_BUILD_ERROR
SuperKotlin/CountDownView@master,gradle,Gradle version not supported
T-Spoon/Benchit@master,gradle,Gradle version not supported
TakeoffAndroid/MaterialPagerRecyclerGridView@master,gradle,Gradle version not supported
T45K/R3@master,maven,Maven compilation error (Class file has wrong version)
THEONE10211024/CircleIndicator@master,gradle,Gradle version not supported
TakeoffAndroid/MultiSelectRecyclerGalleryGridView@master,gradle,Gradle version not supported
TakeoffAndroid/MaterialDialogSearchView@master,gradle,Gradle version not supported
 TakuSemba/MultiSnapRecyclerView@master,UNKNOWN_BUILD_TOOL,UNKNOWN_BUILD_ERROR
SwiftlyAside/MAD7@master,gradle,Gradle version not supported
Swordfish90/Lemuroid@master,gradle,Gradle project directory does not exist
Syehunter/RecyclerViewManager@master,gradle,Gradle version not supported
 TAKETODAY/today-infrastructure@master,UNKNOWN_BUILD_TOOL,UNKNOWN_BUILD_ERROR
Takhion/renderthread@master,gradle,Gradle version not supported
THEONE10211024/RxJavaSamples@master,gradle,Gradle version not supported
TakeoffAndroid/URLLinkView@master,gradle,Gradle version not supported
Tamicer/JsBridge-Android@master,gradle,Gradle version not supported
Sztigar/bytecode-editor@master,maven,Maven compilation error (Package does not exist)
TLocation/FlowChooseLayout@master,gradle,Gradle version not supported
 TIBCOSoftware/genxdm@master,UNKNOWN_BUILD_TOOL,UNKNOWN_BUILD_ERROR
SutharMukesh/IOTAPP_Mobile@master,gradle,Gradle version not supported
SwedbankPay/swedbank-pay-sdk-android-example-app@main,gradle,Gradle module version resolution error
TANGKUO/HIS@master,maven,Maven compilation error (Package does not exist)
TELL-SRL/gradle-sass@master,gradle,Gradle version not supported
SwikritiT/CookSmart@master,gradle,Gradle version not supported
 TNG/JGiven@master,UNKNOWN_BUILD_TOOL,UNKNOWN_BUILD_ERROR
Swrve/swrve-android-sdk@release-10_0_0,gradle,Android Gradle plugin requires higher Java version
TKXB/ez-sonar@master,maven,Could not transfer artifact (401 Unauthorized)
TQRG/leafactor-ci@master,gradle,Gradle project evaluation error (No such file or directory)
Taishi-Y/MusicIndicator@master,gradle,Gradle version not supported
 TabbasamMalik/Trivia@master,UNKNOWN_BUILD_TOOL,UNKNOWN_BUILD_ERROR
TakeoffAndroid/SeatBookingRecyclerView@master,gradle,Gradle version not supported
 Swrve/rate-limited-logger@master,UNKNOWN_BUILD_TOOL,UNKNOWN_BUILD_ERROR
TakeoffAndroid/CustomSnackBar@master,gradle,Gradle version not supported
TWCable/gradle-plugin-cq-bundle@master,gradle,Gradle version not supported
T45K/lifegame-ver2@master,gradle,Gradle version not supported
Tact-Tiles/AndroidAPI@master,gradle,Gradle version not supported
 TakuSemba/Spotlight@master,UNKNOWN_BUILD_TOOL,UNKNOWN_BUILD_ERROR
TWCable/gradle-plugin-cq-package@master,gradle,Gradle version not supported
Sytm/md5-commons@master,gradle,Gradle wrapper JAR missing
SwiftyWang/FingerColoring-Android@master,gradle,Gradle version not supported
TakeoffAndroid/IconColorChanger@master,gradle,Gradle version not supported
TakeoffAndroid/AppIntroAnimation@master,gradle,Gradle version not supported
TakeoffAndroid/MaterialDialogBottomSheet@master,gradle,Gradle version not supported
 Tamicer/Novate@master,UNKNOWN_BUILD_TOOL,UNKNOWN_BUILD_ERROR
 Talend/avro-schema-editor@master,UNKNOWN_BUILD_TOOL,UNKNOWN_BUILD_ERROR
SwissCovid/swisscovid-config-backend@develop,maven,Maven compilation error (Class does not have member field)
T-Systems-MMS/gradle-git-semver@master,gradle,Gradle version not supported
TakeoffAndroid/MaterialCircleProgressBar@master,gradle,Gradle version not supported
Tamicer/RetrofitClient@master,gradle,Gradle wrapper JAR missing
Tamicer/SkyMonitoring@master,gradle,Gradle wrapper JAR missing
Tamsiree/RxTool@master,gradle,Android Gradle plugin requires higher Java version
TechMaster/SpringBootBasic@main,maven,Cannot execute Maven from path
Team766/BearTracks_Android@master,gradle,Gradle version not supported
TerraForged/TerraForged@0.3.x,gradle,Gradle wrapper JAR missing
TeliaSoneraNorge/cloudwatch-subscriptions-s3-writer@master,gradle,Gradle version not supported
Team3039/2017-Steamworks-BigWildin@master,gradle,Gradle module version resolution error
Team3039/2022-RapidReact-Redline@main,gradle,Module version not found
Team3039/2019-DeepSpace-Cthulhu@master,gradle,Gradle module version resolution error
Team3039/2016-Stronghold-Muhammahawk@master,gradle,Gradle module version resolution error
Team3039/ClosedLoopDriving@master,gradle,Gradle module version resolution error
TelegramMessenger/TGPassportAndroidSDK@master,gradle,Gradle version not supported
 Tencent/angel@master,UNKNOWN_BUILD_TOOL,UNKNOWN_BUILD_ERROR
Tencent/RapidView@master,gradle,Android Gradle plugin requires higher Java version
 Tencent/wcdb@master,UNKNOWN_BUILD_TOOL,UNKNOWN_BUILD_ERROR
 Tencent/mars@master,UNKNOWN_BUILD_TOOL,UNKNOWN_BUILD_ERROR
 Tencent/tinker@dev,UNKNOWN_BUILD_TOOL,UNKNOWN_BUILD_ERROR
TechCybo/Android-App-From-Responsive-Website-NavDrawer@master,gradle,Gradle version not supported
 TanZhiL/SkeletonBlock@master,UNKNOWN_BUILD_TOOL,UNKNOWN_BUILD_ERROR
Terracotta-OSS/accelerated-build-now-plugin@master,maven,Maven extension exception (Extension compiled by a more recent version of Java Runtime)
 TarCV/testingteam-operator@master,UNKNOWN_BUILD_TOOL,UNKNOWN_BUILD_ERROR
TechnionYP5777/Smartcity-Smarthouse@master,maven,Maven compilation error (Package does not exist)
TeamAmaze/AmazeFileManager@release/3.8,gradle,Android NDK (Side by side) license not accepted
TedaLIEz/ParsingPlayer@master,gradle,Gradle version not supported
 TencentBlueKing/bk-ci@master,UNKNOWN_BUILD_TOOL,UNKNOWN_BUILD_ERROR
Team5818/FRCGrantle@master,gradle,Gradle version not supported
TangoAgency/material-intro-screen@master,gradle,Gradle version not supported
TangoAgency/android-data-binding-rxjava@master,gradle,Gradle version not supported
 TeamGalacticraft/GalacticGradle@master,UNKNOWN_BUILD_TOOL,UNKNOWN_BUILD_ERROR
 TeamGalacticraft/galacticraft-addon-gradle-plugin@master,UNKNOWN_BUILD_TOOL,UNKNOWN_BUILD_ERROR
Team254/FRC-2019-Public@master,gradle,Gradle module version resolution error
TechnionYP5779/team6@master,maven,Could not transfer artifact (401 Unauthorized)
 Tarkiyah/osExplorer@master,UNKNOWN_BUILD_TOOL,UNKNOWN_BUILD_ERROR
Tanaguru/Contrast-Finder@master,maven,Maven plugin exception (Required class was missing)
TheNewEconomy/TheNewChat@master,maven,Could not transfer artifact (401 Unauthorized)
TheDreadfulSix/ohtu2017-miniprojekti@master,gradle,Gradle version not supported
 Th0rgal/Dear@master,UNKNOWN_BUILD_TOOL,UNKNOWN_BUILD_ERROR
 Th0rgal/Better-Airpods-Experience@master,UNKNOWN_BUILD_TOOL,UNKNOWN_BUILD_ERROR
TheRolfFR/optymoNextAndroid@master,gradle,Gradle project directory does not exist
TheKingOfDuck/Loki@main,maven,Cannot execute Maven from path
 The-Fireplace/MC-en-UD-Generator@master,UNKNOWN_BUILD_TOOL,UNKNOWN_BUILD_ERROR
 TestOrg2306/VulnerableProject@master,UNKNOWN_BUILD_TOOL,UNKNOWN_BUILD_ERROR
TheFinestArtist/Royal-Android@master,gradle,Gradle version not supported
TheurgistFin/F-IBase@master,maven,Could not transfer artifact (401 Unauthorized)
TheRedSpy15/LTECleanerFOSS@master,gradle,Android Gradle plugin requires higher Java version
 TheKrystek/SplitIt@master,UNKNOWN_BUILD_TOOL,UNKNOWN_BUILD_ERROR
 Terracotta-OSS/terracotta-core@master,UNKNOWN_BUILD_TOOL,UNKNOWN_BUILD_ERROR
Terracotta-OSS/post-completed-build-result-plugin@master,maven,Maven extension exception (Extension compiled by a more recent version of Java Runtime)
 Terracotta-OSS/offheap-store@master,UNKNOWN_BUILD_TOOL,UNKNOWN_BUILD_ERROR
ThinkPinkCode/sparkPractice@master,gradle,Gradle version not supported
Thinkful-Ed/curric-android-notify@master,gradle,Gradle version not supported
Thinkful-Ed/java-001-drills@master,gradle,Gradle version not supported
Thinkful-Ed/curric-android-umbrella@master,gradle,Gradle version not supported
Thinkful-Ed/curric-android-thinkful-notes@master,gradle,Gradle version not supported
Thinkful-Ed/curric-android-thinkful-resource-examples@master,gradle,Gradle version not supported
Thinkful-Ed/curric-android-fizzbuzz@master,gradle,Gradle version not supported
Thinkful-Ed/AndroidFizzBuzz@master,gradle,Gradle version not supported
Thinkful-Ed/ObjectExplorer@master,gradle,Gradle version not supported
TheLostKing/Enterprise@master,gradle,Gradle version not supported
TheHortonMachine/hortonmachine@master,maven,POM file processing error (Failed to download POM)
TheTemportalist/AutomataGradlePlugin@master,gradle,Gradle wrapper JAR missing
TheoKah/CarrotShop@master,gradle,Gradle version not supported
ThexXTURBOXx/studip-app-uni-passau@master,gradle,Android NDK (Side by side) license not accepted
 ThexXTURBOXx/MegaQuarry@master,UNKNOWN_BUILD_TOOL,UNKNOWN_BUILD_ERROR
 ThamalDilanka/NoteKeeper@master,UNKNOWN_BUILD_TOOL,UNKNOWN_BUILD_ERROR
 ThadHouse/native-utils@main,UNKNOWN_BUILD_TOOL,UNKNOWN_BUILD_ERROR
 TonnyL/Spark@master,UNKNOWN_BUILD_TOOL,UNKNOWN_BUILD_ERROR
Tillerino/Tillerinobot@master,maven,Could not find a version of Java that met the requirements of the repository
 Tlaster/MVVM-Droid@master,UNKNOWN_BUILD_TOOL,UNKNOWN_BUILD_ERROR
Tibolte/Android-Anim-Playground@master,gradle,Gradle version not supported
 TomasMikula/ReactFX@master,UNKNOWN_BUILD_TOOL,UNKNOWN_BUILD_ERROR
TridentSDK/Trident@revamp,maven,Maven compilation error (Cannot find symbol)
TomonoriToda/2S1-03QR_v1@master,gradle,Gradle version not supported
 TinyZzh/StructUtil@master,UNKNOWN_BUILD_TOOL,UNKNOWN_BUILD_ERROR
 TouchType/CornedBeef@master,UNKNOWN_BUILD_TOOL,UNKNOWN_BUILD_ERROR
 Tonterias2/microsvc4test@master,UNKNOWN_BUILD_TOOL,UNKNOWN_BUILD_ERROR
 Tlaster/More@master,UNKNOWN_BUILD_TOOL,UNKNOWN_BUILD_ERROR
TomWithJerry/CoolAndroidAnim@master,gradle,Gradle version not supported
Tonius/SimplyJetpacks@master,gradle,Gradle version not supported
TmmmmmR/JavaVulnerable@master,maven,Maven compilation error (Package does not exist)
TonnyL/PaperPlane@master,gradle,Gradle version not supported
Transitime/core@master,maven,Could not transfer artifact (401 Unauthorized)
 TommyLemon/Android-ZBLibrary@master,UNKNOWN_BUILD_TOOL,UNKNOWN_BUILD_ERROR
 Tirasa/ConnIdADBundle@master,UNKNOWN_BUILD_TOOL,UNKNOWN_BUILD_ERROR
TitasNandi/Summer_Project@master,gradle,Gradle wrapper JAR missing
 TomasMikula/EasyBind@master,UNKNOWN_BUILD_TOOL,UNKNOWN_BUILD_ERROR
TonyThawachsorn/ProjectV2@master,gradle,Gradle version not supported
Tinder/Scarlet@main,gradle,Android Gradle plugin requires higher Java version
 Tlaster/FloatingHover@master,UNKNOWN_BUILD_TOOL,UNKNOWN_BUILD_ERROR
TimWhiteSource/EasyBuggyPrioritize@main,maven,Using obsoleted 'tasks' from maven-antrun-plugin
Tim-Demo/Java-Demo@main,maven,Using obsoleted 'tasks' from maven-antrun-plugin
TomDmitriev/gradle-bundle-plugin@master,gradle,Gradle version not supported
TianLangStudio/tlportal@master,maven,Cannot execute Maven from path
Triple-T/gradle-play-publisher@master,gradle,Gradle module version resolution error
TomarSquare/azure-function@main,maven,Cannot execute Maven from path
TobiasBuchholz/CircularViewPager@master,gradle,Gradle version not supported
TiagoKaska/stptask@master,maven,Cannot execute Maven from path
Tobehalo/jhipster@master,maven,Cannot execute Maven from path
TimotheeJeannin/ProviGen@master,gradle,Gradle version not supported
TinkerPatch/tinkerpatch-sdk@master,gradle,Gradle version not supported
TonnyL/Light@master,gradle,Gradle version not supported
 Tinder/GitQuery@main,UNKNOWN_BUILD_TOOL,UNKNOWN_BUILD_ERROR
Todd-Davies/ProgressWheel@master,gradle,Gradle wrapper JAR missing
ToroCraft/Minecoprocessors@master,gradle,Gradle version not supported
TonicArtos/SuperSLiM@master,gradle,Gradle version not supported
 Trinea/android-common@master,UNKNOWN_BUILD_TOOL,UNKNOWN_BUILD_ERROR
 Tlaster/Futania@master,UNKNOWN_BUILD_TOOL,UNKNOWN_BUILD_ERROR
TriumphTeam/triumph-gui@master,gradle,Gradle wrapper JAR missing
TrsstProject/trsst@master,maven,Maven compilation error (Package does not exist)
TritonDataCenter/java-manta@master,maven,Maven compilation error (Class file has wrong version)
TylersDesk/Pluralsight-AEM-Building-Full-Stack-Components@master,maven,Could not transfer artifact (401 Unauthorized)
TwrpBuilder/twrpbuilder_tree_generator@master,gradle,Gradle version not supported
TroyZou/CityProject@master,gradle,Gradle version not supported
 TuSDK/TuSDK-for-Android-demo@master,UNKNOWN_BUILD_TOOL,UNKNOWN_BUILD_ERROR
Tyderion/AniDb-AniAdd-CLI@master,gradle,Gradle version not supported
TrustMarco/Friendsystem@master,maven,Could not transfer artifact (401 Unauthorized)
TristanWiley/FloatingActionMenu@master,gradle,Gradle version not supported
